INPUT NAME,DESIRED STYLED NAMEBernard Sanders,Bernie SandersJoseph R Jr Biden,Joe BidenRobert Beto O'rourke,Beto O'RourkeJoe Edward Iii Collins,"Joe Edward Collins, III"Richard Neece Ii Ojeda,"Richard Ojeda, II"John R Jr Phillips,"John R Phillips, Jr."Andrew Mr. Yang,Andrew Yang